year,population,gdp,co2,co2_per_capita,co2_including_luc,cumulative_co2,coal_co2,oil_co2,gas_co2,energy_per_capita,primary_energy_consumption,total_ghg,methane,nitrous_oxide,temperature_change_from_co2,temperature_change_from_ghg
1880,1414583216.0,,858.228,0.607,4481.337,18706.131,842.695,15.36,,,,6267.865,1544.166,245.11,0.047,0.064
1881,1423919001.0,,888.173,0.624,4491.63,19594.303,870.726,17.239,,,,6298.316,1561.769,247.807,0.049,0.067
1882,1433850986.0,,938.158,0.654,4621.833,20532.461,918.787,18.936,0.165,,,6448.854,1579.738,250.13,0.051,0.07
1883,1444371648.0,,997.862,0.691,4742.019,21530.324,980.636,16.498,0.381,,,6590.572,1599.377,252.155,0.053,0.073
1884,1455021634.0,,1009.762,0.694,4759.06,22540.088,989.938,18.319,1.172,,,6621.438,1611.351,253.957,0.055,0.076
1885,1465857041.0,,1017.489,0.694,4772.625,23557.576,994.473,18.956,3.715,,,6648.329,1623.198,255.61,0.057,0.079
1886,1476798447.0,,1032.987,0.699,4783.079,24590.562,1003.117,21.821,7.676,,,6673.521,1636.286,257.19,0.06,0.082
1887,1487893376.0,,1084.283,0.729,4893.109,25674.846,1048.46,23.479,11.787,,,6803.576,1654.795,258.773,0.062,0.085
1888,1499115427.0,,1201.342,0.801,5001.777,26876.189,1159.449,24.578,16.774,,,6938.952,1679.947,260.432,0.064,0.088
1889,1510109709.0,,1202.098,0.796,5037.133,28078.285,1160.885,28.404,12.227,,,6988.416,1692.237,262.244,0.066,0.091
1890,1520891633.0,,1307.255,0.86,5423.613,29385.541,1260.254,34.648,11.688,,,7410.932,1718.415,272.135,0.069,0.095
1891,1531425085.0,,1369.598,0.894,5575.736,30755.139,1319.138,40.829,8.947,,,7585.248,1737.446,275.376,0.071,0.098
1892,1541712153.0,,1380.536,0.895,5562.223,32135.676,1331.829,40.204,7.775,,,7588.023,1750.336,278.739,0.074,0.101
1893,1551756342.0,,1363.18,0.878,5582.068,33498.855,1312.683,42.544,7.288,,,7618.795,1757.747,282.182,0.076,0.105
1894,1561938512.0,,1412.227,0.904,5715.95,34911.086,1363.137,41.697,6.698,,,7775.792,1777.388,285.662,0.079,0.108
1895,1572272041.0,,1495.964,0.951,5786.031,36407.047,1439.659,48.536,7.042,,,7872.411,1800.448,289.137,0.081,0.112
1896,1582693744.0,,1545.451,0.976,5850.712,37952.496,1485.244,52.568,6.848,,,7957.284,1817.2,292.564,0.084,0.116
1897,1593261169.0,,1618.405,1.016,5993.856,39570.902,1554.677,55.527,7.288,,,8125.195,1838.674,295.9,0.087,0.119
1898,1603953574.0,,1706.967,1.064,6098.222,41277.871,1640.331,57.169,8.46,,,8255.487,1861.349,299.103,0.09,0.123
1899,1615300901.0,,1864.424,1.154,6291.44,43142.293,1792.204,60.026,10.904,,,8483.32,1892.905,302.13,0.092,0.127
1900,1627273655.0,3503708270156.0,1962.884,1.206,6423.621,45105.176,1882.645,67.303,11.542,,,8644.852,1919.446,304.938,0.095,0.131
1901,1639887187.0,,2025.628,1.235,6611.075,47130.805,1936.356,74.746,12.861,,,8856.1,1940.271,307.869,0.098,0.135
1902,1653151632.0,,2076.956,1.256,6704.71,49207.762,1980.299,80.803,13.696,,,8970.866,1957.994,311.228,0.101,0.139
1903,1667064512.0,,2264.592,1.358,6927.692,51472.352,2161.955,85.56,14.528,,,9232.675,1993.062,314.923,0.104,0.144
1904,1681154888.0,,2290.255,1.362,7062.163,53762.609,2174.434,96.073,15.165,,,9386.916,2008.754,318.858,0.108,0.148
1905,1695427510.0,,2440.571,1.44,7244.465,56203.18,2320.898,97.01,17.17,,,9598.302,2034.716,322.94,0.111,0.152
1906,1709887300.0,,2548.978,1.491,7420.486,58752.156,2425.449,97.878,19.027,,,9810.574,2067.422,327.073,0.114,0.157
1907,1724558347.0,,2904.949,1.684,7778.838,61657.105,2758.979,119.41,19.877,,,10223.97,2118.715,331.165,0.118,0.162
1908,1739441480.0,,2790.395,1.604,7711.734,64447.5,2635.282,128.779,19.676,,,10160.848,2118.962,335.119,0.121,0.166
1909,1753729257.0,,2907.112,1.658,7906.798,67354.609,2740.823,134.358,23.523,,,10389.171,2148.511,338.844,0.125,0.171
1910,1767417985.0,,3050.273,1.726,7848.428,70404.883,2871.834,144.094,24.915,,,10362.357,2176.739,342.243,0.128,0.176
1911,1780422213.0,,3097.207,1.74,7862.826,73502.094,2909.144,152.815,25.718,,,10403.387,2199.417,346.16,0.132,0.181
1912,1792912374.0,,3253.929,1.815,7921.23,76756.023,3058.476,157.161,28.315,,,10492.065,2224.523,351.324,0.135,0.186
1913,1804803374.0,,3524.846,1.953,8145.113,80280.867,3302.354,181.957,29.598,,,10765.312,2267.487,357.466,0.139,0.191
1914,1816884694.0,,3197.75,1.76,7824.466,83478.617,2971.226,186.003,30.136,,,10426.166,2242.119,364.317,0.142,0.196
1915,1829102909.0,,3148.031,1.721,7701.369,86626.648,2908.266,197.563,31.866,,,10321.157,2252.633,371.608,0.146,0.201
1916,1841395693.0,,3400.232,1.847,7941.577,90026.875,3135.505,215.195,38.377,,,10612.145,2295.854,379.071,0.15,0.206
1917,1853777065.0,,3556.499,1.919,8015.733,93583.375,3265.622,239.365,40.509,,,10726.378,2328.266,386.437,0.153,0.211
1918,1866778878.0,,3506.085,1.878,7922.89,97089.461,3215.897,245.023,36.519,,,10633.156,2320.688,393.439,0.157,0.215
1919,1880624916.0,,3041.113,1.617,7426.347,100130.578,2720.155,273.411,37.948,,,10112.27,2289.866,399.806,0.16,0.22
1920,1895426673.0,4824948231242.0,3546.758,1.871,8323.49,103677.336,3132.616,361.039,41.685,,,11081.009,2355.954,405.271,0.164,0.225
1921,1910916276.0,,3114.994,1.63,8100.611,106792.328,2672.104,397.27,34.992,,,10820.044,2312.747,410.452,0.167,0.23
1922,1927207651.0,,3264.717,1.694,8321.306,110057.047,2773.434,438.308,40.107,,,11096.396,2362.89,416.042,0.171,0.235
1923,1944216846.0,,3702.996,1.905,8871.153,113760.039,3149.715,485.534,52.526,,,11732.04,2442.978,421.878,0.175,0.24
1924,1961489200.0,,3716.143,1.895,8830.048,117476.18,3155.952,484.185,59.709,,,11725.088,2471.417,427.799,0.179,0.246
1925,1979027667.0,,3740.633,1.89,8989.484,121216.82,3153.677,505.524,63.923,,,11913.61,2494.91,433.645,0.183,0.251
1926,1996813608.0,,3677.407,1.842,8943.637,124894.227,3084.044,506.47,69.145,,,11881.277,2503.082,439.253,0.187,0.256
1927,2014848732.0,,4012.947,1.992,9284.173,128907.172,3364.399,554.148,76.018,,,12300.549,2576.853,444.462,0.191,0.262
1928,2033160306.0,,3996.311,1.966,9322.984,132903.484,3307.581,567.589,82.623,,,12360.601,2593.703,449.111,0.196,0.268
1929,2052125441.0,,4288.21,2.09,9670.662,137191.688,3523.884,621.698,102.895,,,12770.862,2652.586,453.038,0.2,0.274
1930,2071786711.0,,3958.094,1.91,9396.154,141149.781,3216.251,599.784,104.225,,,12501.47,2655.139,456.083,0.204,0.279
1931,2092158599.0,,3539.319,1.692,9063.629,144689.109,2833.196,580.507,92.889,,,12156.92,2641.023,458.565,0.208,0.285
1932,2113215566.0,,3192.59,1.511,8757.925,147881.688,2522.37,555.986,88.22,,,11849.51,2637.263,460.978,0.212,0.29
1933,2134919626.0,,3362.682,1.575,8883.585,151244.375,2638.807,607.577,90.919,,,12021.46,2681.514,463.418,0.216,0.295
1934,2156892673.0,,3656.186,1.695,9230.619,154900.562,2880.47,643.636,101.952,,,12437.094,2747.974,465.98,0.22,0.301
1935,2179140887.0,,3835.741,1.76,9347.265,158736.297,2998.369,691.96,111.374,,,12606.813,2798.582,468.761,0.225,0.307
1936,2201762907.0,,4207.929,1.911,9852.772,162944.234,3287.721,753.446,125.532,,,13194.023,2877.57,471.857,0.229,0.313
1937,2224730578.0,,4496.713,2.021,10122.65,167440.938,3465.992,846.626,140.578,,,13529.76,2940.399,475.365,0.234,0.319
1938,2248127325.0,,4229.617,1.881,9895.467,171670.562,3230.586,822.813,135.497,,,13313.498,2947.51,479.381,0.238,0.325
1939,2270675197.0,,4470.132,1.969,10105.731,176140.703,3435.781,854.5,141.331,,,13585.188,3004.825,484.0,0.243,0.332
1940,2291979566.0,7646890024327.0,4884.662,2.131,10628.067,181025.359,3795.503,900.981,153.52,,,14177.45,3070.731,489.32,0.247,0.339
1941,2312098978.0,,4999.09,2.162,10890.24,186024.438,3885.963,912.337,153.463,,,14507.957,3122.709,506.843,0.252,0.346
1942,2331135363.0,,4982.523,2.137,10887.828,191006.969,3910.556,863.508,166.049,,,14578.645,3158.67,544.782,0.257,0.353
1943,2349014611.0,,5075.272,2.161,10969.573,196082.234,3926.686,926.591,182.9,,,14776.369,3221.97,598.293,0.262,0.36
1944,2366918849.0,,5162.486,2.181,10988.551,201244.719,3869.107,1068.786,197.601,,,14904.324,3267.549,662.533,0.267,0.367
1945,2384671779.0,,4289.312,1.799,10152.701,205534.031,2999.876,1045.789,216.7,,,14100.154,3229.961,732.66,0.272,0.374
1946,2402301767.0,,4608.545,1.918,10436.161,210142.578,3236.01,1108.431,223.837,,,14547.558,3323.815,803.829,0.276,0.381
1947,2421291820.0,,5165.204,2.133,10943.44,215307.781,3623.154,1246.469,247.893,,,15230.034,3433.029,871.198,0.281,0.388
1948,2441897177.0,,5447.883,2.231,11172.639,220755.672,3740.727,1370.552,280.127,,,15567.631,3481.768,929.925,0.286,0.396
1949,2467923023.0,,5204.033,2.109,10887.349,225959.703,3547.274,1293.929,300.46,,,15368.438,3522.194,975.165,0.291,0.403
1950,2493092852.0,8461551701531.0,5930.406,2.379,12584.438,231890.109,3879.955,1551.783,353.156,,,17047.688,3607.457,1002.077,0.297,0.412
1951,2536927034.0,,6381.651,2.516,13578.992,238271.75,4084.146,1720.176,416.186,,,18150.432,3723.34,1018.664,0.303,0.421
1952,2584086340.0,,6467.7,2.503,13718.915,244739.453,4030.056,1819.094,447.086,,,18382.768,3800.598,1036.231,0.309,0.43
1953,2634106241.0,,6651.039,2.525,14034.659,251390.484,4061.101,1938.059,474.53,,,18800.711,3889.637,1054.886,0.315,0.439
1954,2685894857.0,,6789.734,2.528,14596.57,258180.234,4053.676,2054.232,501.356,,,19481.365,3988.856,1074.734,0.322,0.449
1955,2740213796.0,,7444.103,2.717,15438.17,265624.344,4386.083,2299.538,547.242,,,20510.934,4180.018,1095.884,0.328,0.46
1956,2795409991.0,,7926.275,2.835,15986.904,273550.594,4608.297,2499.033,587.242,,,21197.357,4309.005,1118.44,0.336,0.471
1957,2852618331.0,,8185.976,2.87,16466.127,281736.562,4691.583,2612.05,646.687,,,21805.078,4435.85,1142.511,0.343,0.482
1958,2911249671.0,,8417.517,2.891,16629.943,290154.094,4761.458,2719.235,705.853,,,22099.877,4525.489,1168.204,0.35,0.493
1959,2965950350.0,,8855.112,2.986,17547.879,299009.219,4953.932,2897.693,758.26,,,23239.465,4725.665,1195.624,0.358,0.506
1960,3015470889.0,13338076573731.0,9386.951,3.113,16997.52,308396.156,5158.323,3119.97,834.618,,,22832.379,4861.831,1224.879,0.366,0.518
1961,3064869675.0,,9414.99,3.072,17045.148,317811.156,4944.186,3309.097,882.126,,,22968.943,4904.216,1296.961,0.373,0.53
1962,3123374312.0,,9747.241,3.121,16885.641,327558.406,4928.587,3558.261,967.82,,,22922.6,4981.43,1341.992,0.381,0.542
1963,3192807826.0,,10266.777,3.216,17220.107,337825.156,5107.931,3803.658,1046.95,,,23411.465,5105.29,1386.239,0.388,0.555
1964,3264487343.0,,10824.47,3.316,17484.389,348649.656,5213.215,4104.341,1152.992,,,23798.047,5205.581,1436.231,0.396,0.567
1965,3334533710.0,,11310.603,3.392,17696.027,359960.25,5289.088,4409.442,1230.667,13003.41,43360.309,24194.01,5343.486,1493.052,0.404,0.581
1966,3404041131.0,,11862.625,3.485,17779.766,371822.875,5349.978,4758.873,1339.98,13434.752,45732.449,24516.84,5545.599,1556.812,0.412,0.594
1967,3473412877.0,,12237.371,3.523,18487.898,384060.219,5261.868,5074.54,1433.099,13649.56,47410.555,25319.172,5608.186,1613.397,0.42,0.608
1968,3545187246.0,,12905.273,3.64,19232.404,396965.5,5319.659,5528.198,1559.751,14173.228,50246.746,26188.367,5702.289,1665.257,0.428,0.622
1969,3619491581.0,,13761.798,3.802,20702.344,410727.312,5518.273,5978.462,1708.72,14836.449,53700.402,27861.912,5885.07,1704.999,0.437,0.637
1970,3694683794.0,21941934246399.0,14899.139,4.033,21588.809,425626.469,5698.858,6799.016,1790.936,15475.645,57177.613,28904.395,6036.888,1731.281,0.447,0.653
1971,3769847867.0,,15503.862,4.113,21643.262,441130.312,5700.055,7201.027,1933.588,15766.833,59438.562,28942.801,6056.77,1719.66,0.456,0.668
1972,3844917684.0,,16224.579,4.22,22662.668,457354.906,5691.283,7764.705,2052.349,16308.279,62703.992,30118.918,6183.963,1780.741,0.466,0.684
1973,3920805041.0,,17077.285,4.356,23331.549,474432.188,5860.898,8219.69,2202.723,16919.395,66337.648,30973.744,6345.583,1838.919,0.477,0.701
1974,3996416100.0,,16997.912,4.253,23310.912,491430.094,5857.693,8099.29,2256.541,16689.08,66696.508,31021.443,6363.316,1852.229,0.487,0.718
1975,4070735279.0,,16988.477,4.173,23111.973,508418.562,6018.315,8005.122,2241.266,16497.584,67157.297,31003.484,6448.271,1906.747,0.497,0.734
1976,4144246382.0,,17862.492,4.31,23922.773,526281.062,6226.34,8475.642,2359.009,17070.598,70744.766,31968.012,6544.579,1955.474,0.508,0.75
1977,4217863796.0,,18358.039,4.352,24978.129,544639.062,6375.023,8767.405,2411.72,17379.928,73306.172,33141.996,6627.559,2001.852,0.519,0.767
1978,4292097499.0,,19024.742,4.433,25588.641,563663.875,6510.128,9133.723,2541.737,17748.674,76179.039,33813.844,6657.352,2040.121,0.53,0.784
1979,4368539520.0,,19508.59,4.466,25364.418,583172.438,6799.882,9224.317,2668.065,18014.863,78698.641,33813.141,6825.825,2098.113,0.541,0.801
1980,4447606240.0,31982615792285.0,19409.793,4.364,25411.107,602582.25,6984.99,8912.474,2741.514,17539.898,78010.562,33850.023,6785.667,2117.527,0.552,0.818
1981,4528777306.0,,18879.756,4.169,24716.338,621461.938,6942.941,8483.404,2763.373,17146.965,77654.789,32964.98,6610.78,2069.155,0.563,0.834
1982,4612673415.0,,18729.742,4.06,24261.297,640191.688,7066.997,8276.258,2701.499,16753.32,77277.594,32682.762,6683.251,2127.098,0.574,0.85
1983,4697327573.0,,18901.775,4.024,24741.631,659093.5,7269.239,8214.693,2743.12,16732.732,78599.125,33217.363,6684.616,2165.249,0.585,0.866
1984,4782175518.0,,19457.25,4.069,25882.049,678550.75,7586.115,8238.706,2972.027,17174.082,82129.477,34452.648,6767.443,2177.692,0.597,0.882
1985,4868943457.0,,20144.863,4.137,26932.607,698695.625,8144.824,8247.613,3089.7,17320.572,84332.883,35584.656,6857.225,2176.914,0.609,0.899
1986,4958072839.0,,20438.045,4.122,27381.361,719133.688,8261.466,8490.594,3014.606,17385.945,86200.781,36097.883,6942.08,2184.726,0.621,0.915
1987,5049746390.0,,21106.189,4.18,27604.137,740239.875,8549.229,8579.333,3281.567,17688.301,89321.43,36294.992,7003.95,2231.983,0.633,0.932
1988,5141992540.0,,21918.756,4.263,28075.438,762158.562,8836.429,8889.34,3435.978,18021.527,92666.555,36855.246,7115.852,2229.207,0.645,0.949
1989,5234431736.0,,22200.213,4.241,28181.033,784358.812,8827.798,9037.386,3604.958,18044.754,94454.031,37119.141,7274.316,2249.944,0.658,0.966
1990,5327803106.0,43033605109062.0,22732.145,4.267,28561.215,807091.0,8659.787,9196.439,3790.182,17991.711,95856.289,37574.773,7320.985,2266.202,0.67,0.983
1991,5418735886.0,,23205.592,4.282,28925.889,830296.562,8574.09,9656.487,3851.52,17811.609,96516.406,37889.742,7265.909,2263.283,0.683,1.0
1992,5505989815.0,,22520.424,4.09,28488.322,852816.938,8361.174,9154.655,3901.366,17636.227,97104.883,37455.109,7268.79,2271.714,0.696,1.017
1993,5591544802.0,,22749.873,4.069,28483.164,875566.875,8470.028,9172.321,4007.804,17507.65,97894.812,37427.73,7261.674,2256.92,0.708,1.033
1994,5675551258.0,,22974.598,4.048,29643.506,898541.438,8513.747,9196.235,4040.174,17467.422,99137.25,38666.152,7336.296,2286.923,0.721,1.05
1995,5758878977.0,,23516.639,4.084,29794.719,922058.125,8758.441,9283.901,4196.848,17592.896,101315.359,38933.977,7426.246,2342.963,0.734,1.067
1996,5842055730.0,,24233.477,4.148,30775.305,946291.562,8976.964,9562.137,4381.599,17844.033,104245.836,39997.945,7512.808,2393.537,0.748,1.084
1997,5924787819.0,,24380.322,4.115,32399.938,970671.938,8927.3,9702.211,4395.058,17767.602,105269.266,41519.98,7485.23,2350.142,0.762,1.102
1998,6007066691.0,,24295.713,4.045,31087.949,994967.625,8689.001,9821.975,4443.504,17621.312,105852.398,40128.703,7419.233,2378.566,0.776,1.119
1999,6089006328.0,,24837.771,4.079,31399.629,1019805.375,8809.093,10064.188,4586.166,17673.488,107613.984,40450.992,7436.038,2398.701,0.79,1.136
2000,6171702992.0,59897670914608.0,25511.482,4.134,31657.244,1045316.812,9156.638,10211.624,4727.823,17890.75,110416.398,40795.379,7544.741,2390.251,0.804,1.154
2001,6254936464.0,,25692.994,4.108,31153.697,1071009.875,9208.429,10283.57,4771.715,17824.848,111493.289,40260.363,7523.762,2385.423,0.817,1.171
2002,6337730343.0,,26265.332,4.144,32359.027,1097275.125,9630.182,10269.353,4913.652,17970.854,113894.43,41423.414,7480.677,2402.932,0.831,1.189
2003,6420361633.0,,27652.691,4.307,34973.902,1124927.875,10466.565,10540.85,5096.196,18355.602,117849.602,44206.871,7668.747,2419.463,0.847,1.208
2004,6503377774.0,,28610.023,4.399,35053.887,1153537.875,10813.392,10924.574,5257.67,19042.68,123841.742,44421.227,7809.036,2487.873,0.862,1.228
2005,6586970132.0,,29598.951,4.494,35530.062,1183136.875,11498.5,11030.305,5376.289,19422.695,127936.719,45006.918,7929.648,2510.292,0.878,1.248
2006,6671452019.0,,30594.152,4.586,36627.895,1213731.0,12136.238,11142.928,5531.006,19708.033,131481.203,46217.527,8057.693,2546.306,0.894,1.268
2007,6757308776.0,,31499.256,4.662,37092.461,1245230.25,12724.451,11184.312,5736.637,20069.822,135617.984,46734.879,8108.338,2612.956,0.91,1.288
2008,6844457659.0,,32049.66,4.683,38000.68,1277279.875,13149.669,11143.34,5905.5,20049.713,137229.406,47666.078,8177.437,2582.949,0.927,1.309
2009,6932766416.0,,31513.014,4.546,38047.828,1308793.0,13003.172,10899.597,5765.684,19477.537,135033.219,47682.02,8124.256,2552.738,0.943,1.33
2010,7021732143.0,89807710403740.0,33317.672,4.745,39835.5,1342110.5,13918.224,11253.694,6205.78,20166.256,141602.047,49602.09,8257.109,2617.387,0.961,1.351
2011,7110923773.0,,34479.988,4.849,40872.547,1376590.625,14704.223,11310.148,6389.33,20378.969,144913.297,50934.176,8498.255,2703.093,0.979,1.374
2012,7201202478.0,,34954.734,4.854,41636.855,1411545.25,14867.802,11432.716,6523.143,20413.594,147002.422,51787.148,8568.392,2717.485,0.997,1.397
2013,7291793585.0,,35275.82,4.838,41595.344,1446821.125,14953.153,11516.626,6573.116,20516.178,149599.734,51689.281,8520.598,2700.372,1.015,1.42
2014,7381616239.0,,35465.695,4.805,41875.609,1482286.875,15014.883,11561.832,6604.976,20488.625,151239.172,52086.367,8601.788,2733.968,1.033,1.443
2015,7470491876.0,106871829405667.0,35403.527,4.739,41916.152,1517690.375,14655.017,11770.022,6728.989,20394.59,152357.625,52119.312,8616.349,2741.356,1.052,1.466
2016,7558554527.0,110407200853028.0,35392.832,4.682,40769.383,1553083.125,14322.989,11900.264,6914.85,20403.568,154221.484,51013.094,8652.835,2759.229,1.07,1.488
2017,7645617952.0,114529588369027.0,35974.609,4.705,41282.379,1589057.75,14494.168,12085.292,7084.615,20616.426,157625.312,51702.664,8797.017,2814.724,1.088,1.511
2018,7729902779.0,118765812557841.0,36734.004,4.752,41616.027,1625791.75,14762.694,12142.828,7419.413,20932.492,161806.125,52139.289,8935.43,2814.039,1.106,1.534
2019,7811293699.0,122149370355621.0,37086.566,4.748,41973.746,1662878.375,14702.956,12325.908,7574.056,20956.146,163694.609,52571.34,9008.441,2819.104,1.124,1.558
2020,7887001289.0,118590021803593.0,35158.23,4.458,39674.77,1698036.625,14267.035,10932.342,7520.82,20032.188,157993.891,50601.266,8903.343,2852.967,1.142,1.581
2021,7954448387.0,126004793520756.0,36866.863,4.635,41523.965,1734903.5,14969.249,11513.166,7878.698,20874.295,166043.5,52639.844,9089.303,2895.432,1.16,1.605
2022,8021407196.0,130112562171125.0,37527.773,4.678,42313.164,1772431.25,15449.177,11914.912,7758.746,21076.293,169061.531,53515.586,9278.556,2881.229,1.179,1.629
2023,8091734933.0,,38094.039,4.708,42839.594,1810525.375,15636.373,12278.241,7802.845,21285.768,172238.781,54092.184,9416.93,2911.154,1.197,1.654
2024,8161972574.0,,38598.578,4.729,43184.086,1849123.875,15805.254,12470.596,8009.828,21653.723,176737.094,54433.398,9498.914,2935.779,1.216,1.678
