Year,périodes,valeur
1880,Jan,-0.19
1881,Jan,-0.21
1882,Jan,0.15
1883,Jan,-0.3
1884,Jan,-0.14
1885,Jan,-0.59
1886,Jan,-0.44
1887,Jan,-0.73
1888,Jan,-0.34
1889,Jan,-0.1
1890,Jan,-0.43
1891,Jan,-0.34
1892,Jan,-0.29
1893,Jan,-0.81
1894,Jan,-0.53
1895,Jan,-0.42
1896,Jan,-0.24
1897,Jan,-0.17
1898,Jan,-0.04
1899,Jan,-0.18
1900,Jan,-0.37
1901,Jan,-0.23
1902,Jan,-0.17
1903,Jan,-0.25
1904,Jan,-0.64
1905,Jan,-0.36
1906,Jan,-0.29
1907,Jan,-0.44
1908,Jan,-0.46
1909,Jan,-0.74
1910,Jan,-0.44
1911,Jan,-0.63
1912,Jan,-0.27
1913,Jan,-0.41
1914,Jan,0.03
1915,Jan,-0.21
1916,Jan,-0.14
1917,Jan,-0.58
1918,Jan,-0.48
1919,Jan,-0.21
1920,Jan,-0.26
1921,Jan,-0.05
1922,Jan,-0.35
1923,Jan,-0.28
1924,Jan,-0.23
1925,Jan,-0.39
1926,Jan,0.2
1927,Jan,-0.28
1928,Jan,-0.03
1929,Jan,-0.46
1930,Jan,-0.31
1931,Jan,-0.11
1932,Jan,0.14
1933,Jan,-0.24
1934,Jan,-0.22
1935,Jan,-0.34
1936,Jan,-0.28
1937,Jan,-0.08
1938,Jan,0.08
1939,Jan,-0.06
1940,Jan,-0.01
1941,Jan,0.17
1942,Jan,0.29
1943,Jan,-0.01
1944,Jan,0.35
1945,Jan,0.1
1946,Jan,0.15
1947,Jan,-0.07
1948,Jan,0.06
1949,Jan,0.06
1950,Jan,-0.26
1951,Jan,-0.34
1952,Jan,0.11
1953,Jan,0.07
1954,Jan,-0.24
1955,Jan,0.13
1956,Jan,-0.13
1957,Jan,-0.09
1958,Jan,0.39
1959,Jan,0.08
1960,Jan,0.0
1961,Jan,0.07
1962,Jan,0.05
1963,Jan,-0.03
1964,Jan,-0.09
1965,Jan,-0.08
1966,Jan,-0.19
1967,Jan,-0.07
1968,Jan,-0.26
1969,Jan,-0.11
1970,Jan,0.08
1971,Jan,-0.02
1972,Jan,-0.23
1973,Jan,0.29
1974,Jan,-0.1
1975,Jan,0.1
1976,Jan,-0.03
1977,Jan,0.19
1978,Jan,0.06
1979,Jan,0.08
1980,Jan,0.29
1981,Jan,0.53
1982,Jan,0.05
1983,Jan,0.53
1984,Jan,0.31
1985,Jan,0.22
1986,Jan,0.26
1987,Jan,0.32
1988,Jan,0.57
1989,Jan,0.12
1990,Jan,0.42
1991,Jan,0.43
1992,Jan,0.48
1993,Jan,0.35
1994,Jan,0.26
1995,Jan,0.52
1996,Jan,0.24
1997,Jan,0.32
1998,Jan,0.58
1999,Jan,0.48
2000,Jan,0.25
2001,Jan,0.45
2002,Jan,0.77
2003,Jan,0.75
2004,Jan,0.58
2005,Jan,0.75
2006,Jan,0.56
2007,Jan,1.02
2008,Jan,0.3
2009,Jan,0.65
2010,Jan,0.75
2011,Jan,0.53
2012,Jan,0.47
2013,Jan,0.71
2014,Jan,0.77
2015,Jan,0.87
2016,Jan,1.18
2017,Jan,1.02
2018,Jan,0.82
2019,Jan,0.93
2020,Jan,1.18
2021,Jan,0.82
2022,Jan,0.91
2023,Jan,0.88
2024,Jan,1.25
2025,Jan,1.38
1880,Feb,-0.25
1881,Feb,-0.15
1882,Feb,0.13
1883,Feb,-0.37
1884,Feb,-0.09
1885,Feb,-0.34
1886,Feb,-0.51
1887,Feb,-0.58
1888,Feb,-0.37
1889,Feb,0.16
1890,Feb,-0.46
1891,Feb,-0.47
1892,Feb,-0.12
1893,Feb,-0.57
1894,Feb,-0.3
1895,Feb,-0.43
1896,Feb,-0.13
1897,Feb,-0.18
1898,Feb,-0.31
1899,Feb,-0.39
1900,Feb,-0.07
1901,Feb,-0.12
1902,Feb,-0.1
1903,Feb,-0.07
1904,Feb,-0.6
1905,Feb,-0.6
1906,Feb,-0.3
1907,Feb,-0.52
1908,Feb,-0.33
1909,Feb,-0.47
1910,Feb,-0.43
1911,Feb,-0.59
1912,Feb,-0.16
1913,Feb,-0.46
1914,Feb,-0.11
1915,Feb,-0.04
1916,Feb,-0.16
1917,Feb,-0.63
1918,Feb,-0.35
1919,Feb,-0.24
1920,Feb,-0.27
1921,Feb,-0.19
1922,Feb,-0.45
1923,Feb,-0.4
1924,Feb,-0.24
1925,Feb,-0.4
1926,Feb,0.02
1927,Feb,-0.18
1928,Feb,-0.09
1929,Feb,-0.59
1930,Feb,-0.27
1931,Feb,-0.21
1932,Feb,-0.18
1933,Feb,-0.3
1934,Feb,-0.03
1935,Feb,0.14
1936,Feb,-0.38
1937,Feb,0.03
1938,Feb,0.04
1939,Feb,-0.07
1940,Feb,0.08
1941,Feb,0.3
1942,Feb,0.02
1943,Feb,0.17
1944,Feb,0.24
1945,Feb,0.01
1946,Feb,0.02
1947,Feb,-0.08
1948,Feb,-0.15
1949,Feb,-0.14
1950,Feb,-0.27
1951,Feb,-0.41
1952,Feb,0.11
1953,Feb,0.15
1954,Feb,-0.1
1955,Feb,-0.16
1956,Feb,-0.24
1957,Feb,-0.03
1958,Feb,0.22
1959,Feb,0.07
1960,Feb,0.13
1961,Feb,0.19
1962,Feb,0.14
1963,Feb,0.18
1964,Feb,-0.1
1965,Feb,-0.17
1966,Feb,-0.04
1967,Feb,-0.21
1968,Feb,-0.14
1969,Feb,-0.18
1970,Feb,0.22
1971,Feb,-0.15
1972,Feb,-0.18
1973,Feb,0.32
1974,Feb,-0.27
1975,Feb,0.08
1976,Feb,-0.06
1977,Feb,0.23
1978,Feb,0.1
1979,Feb,-0.1
1980,Feb,0.39
1981,Feb,0.42
1982,Feb,0.15
1983,Feb,0.43
1984,Feb,0.14
1985,Feb,-0.04
1986,Feb,0.37
1987,Feb,0.43
1988,Feb,0.44
1989,Feb,0.3
1990,Feb,0.44
1991,Feb,0.5
1992,Feb,0.4
1993,Feb,0.37
1994,Feb,0.02
1995,Feb,0.79
1996,Feb,0.46
1997,Feb,0.41
1998,Feb,0.88
1999,Feb,0.64
2000,Feb,0.56
2001,Feb,0.44
2002,Feb,0.78
2003,Feb,0.58
2004,Feb,0.73
2005,Feb,0.6
2006,Feb,0.74
2007,Feb,0.7
2008,Feb,0.38
2009,Feb,0.53
2010,Feb,0.84
2011,Feb,0.48
2012,Feb,0.48
2013,Feb,0.62
2014,Feb,0.55
2015,Feb,0.91
2016,Feb,1.37
2017,Feb,1.14
2018,Feb,0.85
2019,Feb,0.96
2020,Feb,1.24
2021,Feb,0.64
2022,Feb,0.89
2023,Feb,0.97
2024,Feb,1.45
2025,Feb,1.26
1880,Mar,-0.1
1881,Mar,0.02
1882,Mar,0.04
1883,Mar,-0.13
1884,Mar,-0.37
1885,Mar,-0.27
1886,Mar,-0.43
1887,Mar,-0.36
1888,Mar,-0.42
1889,Mar,0.05
1890,Mar,-0.41
1891,Mar,-0.18
1892,Mar,-0.4
1893,Mar,-0.23
1894,Mar,-0.24
1895,Mar,-0.33
1896,Mar,-0.27
1897,Mar,-0.15
1898,Mar,-0.52
1899,Mar,-0.37
1900,Mar,-0.01
1901,Mar,0.05
1902,Mar,-0.28
1903,Mar,-0.24
1904,Mar,-0.52
1905,Mar,-0.22
1906,Mar,-0.19
1907,Mar,-0.28
1908,Mar,-0.56
1909,Mar,-0.55
1910,Mar,-0.52
1911,Mar,-0.62
1912,Mar,-0.4
1913,Mar,-0.44
1914,Mar,-0.25
1915,Mar,-0.1
1916,Mar,-0.29
1917,Mar,-0.64
1918,Mar,-0.25
1919,Mar,-0.22
1920,Mar,-0.13
1921,Mar,-0.24
1922,Mar,-0.16
1923,Mar,-0.35
1924,Mar,-0.09
1925,Mar,-0.28
1926,Mar,0.11
1927,Mar,-0.39
1928,Mar,-0.25
1929,Mar,-0.33
1930,Mar,-0.11
1931,Mar,-0.11
1932,Mar,-0.19
1933,Mar,-0.3
1934,Mar,-0.29
1935,Mar,-0.15
1936,Mar,-0.21
1937,Mar,-0.21
1938,Mar,0.09
1939,Mar,-0.18
1940,Mar,0.09
1941,Mar,0.1
1942,Mar,0.05
1943,Mar,-0.04
1944,Mar,0.26
1945,Mar,0.06
1946,Mar,0.01
1947,Mar,0.06
1948,Mar,-0.24
1949,Mar,-0.02
1950,Mar,-0.08
1951,Mar,-0.2
1952,Mar,-0.08
1953,Mar,0.11
1954,Mar,-0.15
1955,Mar,-0.32
1956,Mar,-0.21
1957,Mar,-0.04
1958,Mar,0.09
1959,Mar,0.18
1960,Mar,-0.35
1961,Mar,0.09
1962,Mar,0.1
1963,Mar,-0.14
1964,Mar,-0.21
1965,Mar,-0.13
1966,Mar,0.04
1967,Mar,0.05
1968,Mar,0.2
1969,Mar,0.01
1970,Mar,0.06
1971,Mar,-0.18
1972,Mar,0.02
1973,Mar,0.29
1974,Mar,-0.05
1975,Mar,0.12
1976,Mar,-0.21
1977,Mar,0.24
1978,Mar,0.19
1979,Mar,0.19
1980,Mar,0.29
1981,Mar,0.48
1982,Mar,0.03
1983,Mar,0.42
1984,Mar,0.26
1985,Mar,0.17
1986,Mar,0.3
1987,Mar,0.18
1988,Mar,0.52
1989,Mar,0.36
1990,Mar,0.8
1991,Mar,0.36
1992,Mar,0.48
1993,Mar,0.36
1994,Mar,0.29
1995,Mar,0.46
1996,Mar,0.33
1997,Mar,0.52
1998,Mar,0.63
1999,Mar,0.32
2000,Mar,0.55
2001,Mar,0.55
2002,Mar,0.88
2003,Mar,0.6
2004,Mar,0.63
2005,Mar,0.74
2006,Mar,0.63
2007,Mar,0.72
2008,Mar,0.75
2009,Mar,0.53
2010,Mar,0.92
2011,Mar,0.66
2012,Mar,0.57
2013,Mar,0.67
2014,Mar,0.78
2015,Mar,0.96
2016,Mar,1.35
2017,Mar,1.17
2018,Mar,0.88
2019,Mar,1.17
2020,Mar,1.18
2021,Mar,0.89
2022,Mar,1.05
2023,Mar,1.23
2024,Mar,1.39
2025,Mar,1.37
1880,Apr,-0.17
1881,Apr,0.04
1882,Apr,-0.18
1883,Apr,-0.19
1884,Apr,-0.4
1885,Apr,-0.43
1886,Apr,-0.29
1887,Apr,-0.36
1888,Apr,-0.21
1889,Apr,0.09
1890,Apr,-0.31
1891,Apr,-0.28
1892,Apr,-0.34
1893,Apr,-0.28
1894,Apr,-0.46
1895,Apr,-0.23
1896,Apr,-0.32
1897,Apr,-0.04
1898,Apr,-0.32
1899,Apr,-0.21
1900,Apr,-0.1
1901,Apr,-0.04
1902,Apr,-0.29
1903,Apr,-0.42
1904,Apr,-0.52
1905,Apr,-0.35
1906,Apr,-0.06
1907,Apr,-0.38
1908,Apr,-0.46
1909,Apr,-0.6
1910,Apr,-0.44
1911,Apr,-0.55
1912,Apr,-0.19
1913,Apr,-0.41
1914,Apr,-0.31
1915,Apr,0.06
1916,Apr,-0.32
1917,Apr,-0.56
1918,Apr,-0.45
1919,Apr,-0.14
1920,Apr,-0.25
1921,Apr,-0.3
1922,Apr,-0.24
1923,Apr,-0.42
1924,Apr,-0.31
1925,Apr,-0.26
1926,Apr,-0.14
1927,Apr,-0.31
1928,Apr,-0.29
1929,Apr,-0.42
1930,Apr,-0.25
1931,Apr,-0.24
1932,Apr,-0.06
1933,Apr,-0.25
1934,Apr,-0.31
1935,Apr,-0.38
1936,Apr,-0.2
1937,Apr,-0.16
1938,Apr,0.06
1939,Apr,-0.11
1940,Apr,0.17
1941,Apr,0.16
1942,Apr,0.09
1943,Apr,0.11
1944,Apr,0.19
1945,Apr,0.19
1946,Apr,0.05
1947,Apr,0.06
1948,Apr,-0.12
1949,Apr,-0.11
1950,Apr,-0.21
1951,Apr,-0.14
1952,Apr,0.03
1953,Apr,0.19
1954,Apr,-0.14
1955,Apr,-0.22
1956,Apr,-0.28
1957,Apr,0.0
1958,Apr,0.02
1959,Apr,0.16
1960,Apr,-0.15
1961,Apr,0.13
1962,Apr,0.05
1963,Apr,-0.07
1964,Apr,-0.32
1965,Apr,-0.19
1966,Apr,-0.13
1967,Apr,-0.05
1968,Apr,-0.06
1969,Apr,0.17
1970,Apr,0.05
1971,Apr,-0.07
1972,Apr,0.0
1973,Apr,0.27
1974,Apr,-0.11
1975,Apr,0.04
1976,Apr,-0.07
1977,Apr,0.26
1978,Apr,0.17
1979,Apr,0.15
1980,Apr,0.3
1981,Apr,0.32
1982,Apr,0.15
1983,Apr,0.28
1984,Apr,0.06
1985,Apr,0.12
1986,Apr,0.22
1987,Apr,0.24
1988,Apr,0.43
1989,Apr,0.29
1990,Apr,0.56
1991,Apr,0.51
1992,Apr,0.28
1993,Apr,0.28
1994,Apr,0.41
1995,Apr,0.47
1996,Apr,0.33
1997,Apr,0.34
1998,Apr,0.64
1999,Apr,0.32
2000,Apr,0.56
2001,Apr,0.5
2002,Apr,0.58
2003,Apr,0.55
2004,Apr,0.61
2005,Apr,0.67
2006,Apr,0.47
2007,Apr,0.77
2008,Apr,0.54
2009,Apr,0.61
2010,Apr,0.85
2011,Apr,0.64
2012,Apr,0.73
2013,Apr,0.53
2014,Apr,0.81
2015,Apr,0.75
2016,Apr,1.09
2017,Apr,0.94
2018,Apr,0.89
2019,Apr,1.01
2020,Apr,1.12
2021,Apr,0.76
2022,Apr,0.84
2023,Apr,0.99
2024,Apr,1.31
2025,Apr,1.25
1880,May,-0.11
1881,May,0.05
1882,May,-0.15
1883,May,-0.18
1884,May,-0.34
1885,May,-0.46
1886,May,-0.25
1887,May,-0.32
1888,May,-0.23
1889,May,-0.02
1890,May,-0.4
1891,May,-0.17
1892,May,-0.23
1893,May,-0.34
1894,May,-0.32
1895,May,-0.28
1896,May,-0.17
1897,May,-0.03
1898,May,-0.32
1899,May,-0.24
1900,May,-0.1
1901,May,-0.16
1902,May,-0.33
1903,May,-0.41
1904,May,-0.53
1905,May,-0.31
1906,May,-0.27
1907,May,-0.47
1908,May,-0.39
1909,May,-0.56
1910,May,-0.35
1911,May,-0.53
1912,May,-0.22
1913,May,-0.45
1914,May,-0.22
1915,May,-0.06
1916,May,-0.36
1917,May,-0.56
1918,May,-0.44
1919,May,-0.29
1920,May,-0.28
1921,May,-0.31
1922,May,-0.34
1923,May,-0.34
1924,May,-0.19
1925,May,-0.3
1926,May,-0.24
1927,May,-0.26
1928,May,-0.3
1929,May,-0.39
1930,May,-0.25
1931,May,-0.2
1932,May,-0.18
1933,May,-0.3
1934,May,-0.1
1935,May,-0.29
1936,May,-0.17
1937,May,-0.06
1938,May,-0.1
1939,May,-0.05
1940,May,0.1
1941,May,0.16
1942,May,0.1
1943,May,0.06
1944,May,0.18
1945,May,0.06
1946,May,-0.07
1947,May,-0.02
1948,May,-0.01
1949,May,-0.1
1950,May,-0.11
1951,May,0.0
1952,May,-0.03
1953,May,0.11
1954,May,-0.2
1955,May,-0.2
1956,May,-0.29
1957,May,0.09
1958,May,0.06
1959,May,0.04
1960,May,-0.08
1961,May,0.12
1962,May,-0.06
1963,May,-0.06
1964,May,-0.25
1965,May,-0.12
1966,May,-0.12
1967,May,0.12
1968,May,-0.14
1969,May,0.18
1970,May,-0.04
1971,May,-0.05
1972,May,-0.03
1973,May,0.23
1974,May,-0.04
1975,May,0.16
1976,May,-0.2
1977,May,0.33
1978,May,0.09
1979,May,0.03
1980,May,0.35
1981,May,0.24
1982,May,0.18
1983,May,0.34
1984,May,0.33
1985,May,0.14
1986,May,0.21
1987,May,0.25
1988,May,0.44
1989,May,0.18
1990,May,0.46
1991,May,0.34
1992,May,0.31
1993,May,0.28
1994,May,0.28
1995,May,0.27
1996,May,0.27
1997,May,0.35
1998,May,0.68
1999,May,0.26
2000,May,0.36
2001,May,0.57
2002,May,0.64
2003,May,0.61
2004,May,0.37
2005,May,0.63
2006,May,0.48
2007,May,0.69
2008,May,0.5
2009,May,0.66
2010,May,0.76
2011,May,0.53
2012,May,0.78
2013,May,0.6
2014,May,0.87
2015,May,0.8
2016,May,0.96
2017,May,0.91
2018,May,0.81
2019,May,0.86
2020,May,1.0
2021,May,0.79
2022,May,0.84
2023,May,0.94
2024,May,1.15
2025,May,1.08
1880,Jun,-0.22
1881,Jun,-0.2
1882,Jun,-0.24
1883,Jun,-0.07
1884,Jun,-0.35
1885,Jun,-0.44
1886,Jun,-0.35
1887,Jun,-0.25
1888,Jun,-0.18
1889,Jun,-0.11
1890,Jun,-0.25
1891,Jun,-0.21
1892,Jun,-0.22
1893,Jun,-0.25
1894,Jun,-0.41
1895,Jun,-0.22
1896,Jun,-0.12
1897,Jun,-0.13
1898,Jun,-0.2
1899,Jun,-0.32
1900,Jun,-0.11
1901,Jun,-0.13
1902,Jun,-0.32
1903,Jun,-0.43
1904,Jun,-0.49
1905,Jun,-0.29
1906,Jun,-0.2
1907,Jun,-0.43
1908,Jun,-0.39
1909,Jun,-0.53
1910,Jun,-0.4
1911,Jun,-0.51
1912,Jun,-0.25
1913,Jun,-0.46
1914,Jun,-0.27
1915,Jun,-0.23
1916,Jun,-0.5
1917,Jun,-0.44
1918,Jun,-0.37
1919,Jun,-0.37
1920,Jun,-0.36
1921,Jun,-0.28
1922,Jun,-0.31
1923,Jun,-0.3
1924,Jun,-0.27
1925,Jun,-0.33
1926,Jun,-0.27
1927,Jun,-0.28
1928,Jun,-0.39
1929,Jun,-0.44
1930,Jun,-0.22
1931,Jun,-0.08
1932,Jun,-0.29
1933,Jun,-0.34
1934,Jun,-0.15
1935,Jun,-0.27
1936,Jun,-0.22
1937,Jun,-0.05
1938,Jun,-0.17
1939,Jun,-0.07
1940,Jun,0.11
1941,Jun,0.12
1942,Jun,0.04
1943,Jun,-0.06
1944,Jun,0.15
1945,Jun,0.01
1946,Jun,-0.21
1947,Jun,-0.01
1948,Jun,-0.05
1949,Jun,-0.27
1950,Jun,-0.05
1951,Jun,-0.06
1952,Jun,-0.03
1953,Jun,0.12
1954,Jun,-0.18
1955,Jun,-0.13
1956,Jun,-0.15
1957,Jun,0.15
1958,Jun,-0.09
1959,Jun,0.03
1960,Jun,-0.04
1961,Jun,0.12
1962,Jun,0.03
1963,Jun,0.05
1964,Jun,-0.04
1965,Jun,-0.08
1966,Jun,0.01
1967,Jun,-0.08
1968,Jun,-0.09
1969,Jun,0.03
1970,Jun,-0.02
1971,Jun,-0.16
1972,Jun,0.04
1973,Jun,0.19
1974,Jun,-0.05
1975,Jun,-0.01
1976,Jun,-0.12
1977,Jun,0.27
1978,Jun,-0.01
1979,Jun,0.14
1980,Jun,0.2
1981,Jun,0.29
1982,Jun,0.05
1983,Jun,0.22
1984,Jun,0.02
1985,Jun,0.15
1986,Jun,0.12
1987,Jun,0.35
1988,Jun,0.4
1989,Jun,0.17
1990,Jun,0.37
1991,Jun,0.53
1992,Jun,0.26
1993,Jun,0.23
1994,Jun,0.43
1995,Jun,0.43
1996,Jun,0.25
1997,Jun,0.55
1998,Jun,0.77
1999,Jun,0.36
2000,Jun,0.4
2001,Jun,0.52
2002,Jun,0.53
2003,Jun,0.48
2004,Jun,0.44
2005,Jun,0.65
2006,Jun,0.66
2007,Jun,0.61
2008,Jun,0.49
2009,Jun,0.64
2010,Jun,0.67
2011,Jun,0.63
2012,Jun,0.65
2013,Jun,0.7
2014,Jun,0.67
2015,Jun,0.81
2016,Jun,0.81
2017,Jun,0.71
2018,Jun,0.77
2019,Jun,0.91
2020,Jun,0.91
2021,Jun,0.85
2022,Jun,0.92
2023,Jun,1.09
2024,Jun,1.21
2025,Jun,1.06
1880,Jul,-0.19
1881,Jul,-0.01
1882,Jul,-0.17
1883,Jul,-0.08
1884,Jul,-0.31
1885,Jul,-0.35
1886,Jul,-0.19
1887,Jul,-0.27
1888,Jul,-0.11
1889,Jul,-0.08
1890,Jul,-0.29
1891,Jul,-0.18
1892,Jul,-0.32
1893,Jul,-0.14
1894,Jul,-0.25
1895,Jul,-0.18
1896,Jul,-0.04
1897,Jul,-0.03
1898,Jul,-0.23
1899,Jul,-0.17
1900,Jul,-0.14
1901,Jul,-0.16
1902,Jul,-0.29
1903,Jul,-0.36
1904,Jul,-0.52
1905,Jul,-0.27
1906,Jul,-0.24
1907,Jul,-0.36
1908,Jul,-0.36
1909,Jul,-0.46
1910,Jul,-0.35
1911,Jul,-0.43
1912,Jul,-0.44
1913,Jul,-0.37
1914,Jul,-0.24
1915,Jul,-0.13
1916,Jul,-0.37
1917,Jul,-0.26
1918,Jul,-0.32
1919,Jul,-0.3
1920,Jul,-0.31
1921,Jul,-0.16
1922,Jul,-0.28
1923,Jul,-0.32
1924,Jul,-0.3
1925,Jul,-0.28
1926,Jul,-0.28
1927,Jul,-0.19
1928,Jul,-0.2
1929,Jul,-0.37
1930,Jul,-0.22
1931,Jul,-0.04
1932,Jul,-0.25
1933,Jul,-0.22
1934,Jul,-0.11
1935,Jul,-0.22
1936,Jul,-0.1
1937,Jul,-0.04
1938,Jul,-0.09
1939,Jul,-0.06
1940,Jul,0.12
1941,Jul,0.21
1942,Jul,0.0
1943,Jul,0.08
1944,Jul,0.17
1945,Jul,0.04
1946,Jul,-0.12
1947,Jul,-0.04
1948,Jul,-0.11
1949,Jul,-0.13
1950,Jul,-0.09
1951,Jul,-0.01
1952,Jul,0.04
1953,Jul,0.01
1954,Jul,-0.19
1955,Jul,-0.11
1956,Jul,-0.09
1957,Jul,0.02
1958,Jul,0.05
1959,Jul,0.03
1960,Jul,-0.04
1961,Jul,0.01
1962,Jul,0.02
1963,Jul,0.06
1964,Jul,-0.04
1965,Jul,-0.13
1966,Jul,0.08
1967,Jul,0.02
1968,Jul,-0.13
1969,Jul,-0.05
1970,Jul,0.02
1971,Jul,-0.08
1972,Jul,0.01
1973,Jul,0.13
1974,Jul,-0.03
1975,Jul,0.0
1976,Jul,-0.1
1977,Jul,0.2
1978,Jul,0.04
1979,Jul,0.04
1980,Jul,0.22
1981,Jul,0.32
1982,Jul,0.14
1983,Jul,0.18
1984,Jul,0.19
1985,Jul,0.04
1986,Jul,0.11
1987,Jul,0.4
1988,Jul,0.33
1989,Jul,0.35
1990,Jul,0.46
1991,Jul,0.48
1992,Jul,0.09
1993,Jul,0.25
1994,Jul,0.3
1995,Jul,0.45
1996,Jul,0.37
1997,Jul,0.34
1998,Jul,0.66
1999,Jul,0.38
2000,Jul,0.39
2001,Jul,0.59
2002,Jul,0.62
2003,Jul,0.58
2004,Jul,0.26
2005,Jul,0.61
2006,Jul,0.54
2007,Jul,0.6
2008,Jul,0.6
2009,Jul,0.74
2010,Jul,0.63
2011,Jul,0.7
2012,Jul,0.59
2013,Jul,0.6
2014,Jul,0.58
2015,Jul,0.73
2016,Jul,0.85
2017,Jul,0.82
2018,Jul,0.84
2019,Jul,0.94
2020,Jul,0.89
2021,Jul,0.92
2022,Jul,0.94
2023,Jul,1.2
2024,Jul,1.2
2025,Jul,1.02
1880,Aug,-0.11
1881,Aug,-0.04
1882,Aug,-0.08
1883,Aug,-0.14
1884,Aug,-0.28
1885,Aug,-0.32
1886,Aug,-0.31
1887,Aug,-0.36
1888,Aug,-0.16
1889,Aug,-0.21
1890,Aug,-0.4
1891,Aug,-0.18
1892,Aug,-0.27
1893,Aug,-0.25
1894,Aug,-0.24
1895,Aug,-0.18
1896,Aug,-0.06
1897,Aug,-0.1
1898,Aug,-0.28
1899,Aug,-0.09
1900,Aug,-0.1
1901,Aug,-0.21
1902,Aug,-0.31
1903,Aug,-0.46
1904,Aug,-0.5
1905,Aug,-0.21
1906,Aug,-0.2
1907,Aug,-0.35
1908,Aug,-0.47
1909,Aug,-0.34
1910,Aug,-0.37
1911,Aug,-0.44
1912,Aug,-0.55
1913,Aug,-0.34
1914,Aug,-0.17
1915,Aug,-0.23
1916,Aug,-0.28
1917,Aug,-0.23
1918,Aug,-0.32
1919,Aug,-0.34
1920,Aug,-0.27
1921,Aug,-0.27
1922,Aug,-0.33
1923,Aug,-0.34
1924,Aug,-0.36
1925,Aug,-0.21
1926,Aug,-0.14
1927,Aug,-0.24
1928,Aug,-0.23
1929,Aug,-0.33
1930,Aug,-0.15
1931,Aug,-0.04
1932,Aug,-0.22
1933,Aug,-0.24
1934,Aug,-0.12
1935,Aug,-0.22
1936,Aug,-0.14
1937,Aug,0.01
1938,Aug,-0.05
1939,Aug,-0.06
1940,Aug,0.06
1941,Aug,0.14
1942,Aug,-0.04
1943,Aug,0.0
1944,Aug,0.18
1945,Aug,0.26
1946,Aug,-0.2
1947,Aug,-0.07
1948,Aug,-0.11
1949,Aug,-0.13
1950,Aug,-0.16
1951,Aug,0.06
1952,Aug,0.05
1953,Aug,0.05
1954,Aug,-0.17
1955,Aug,0.02
1956,Aug,-0.25
1957,Aug,0.15
1958,Aug,-0.05
1959,Aug,-0.01
1960,Aug,0.02
1961,Aug,0.01
1962,Aug,-0.01
1963,Aug,0.22
1964,Aug,-0.22
1965,Aug,-0.04
1966,Aug,-0.09
1967,Aug,0.01
1968,Aug,-0.09
1969,Aug,0.03
1970,Aug,-0.1
1971,Aug,-0.01
1972,Aug,0.16
1973,Aug,0.05
1974,Aug,0.1
1975,Aug,-0.17
1976,Aug,-0.12
1977,Aug,0.18
1978,Aug,-0.14
1979,Aug,0.17
1980,Aug,0.18
1981,Aug,0.35
1982,Aug,0.03
1983,Aug,0.35
1984,Aug,0.19
1985,Aug,0.17
1986,Aug,0.16
1987,Aug,0.25
1988,Aug,0.39
1989,Aug,0.33
1990,Aug,0.34
1991,Aug,0.39
1992,Aug,0.08
1993,Aug,0.11
1994,Aug,0.21
1995,Aug,0.45
1996,Aug,0.48
1997,Aug,0.41
1998,Aug,0.65
1999,Aug,0.31
2000,Aug,0.42
2001,Aug,0.49
2002,Aug,0.54
2003,Aug,0.65
2004,Aug,0.45
2005,Aug,0.6
2006,Aug,0.71
2007,Aug,0.6
2008,Aug,0.46
2009,Aug,0.69
2010,Aug,0.67
2011,Aug,0.75
2012,Aug,0.66
2013,Aug,0.71
2014,Aug,0.84
2015,Aug,0.8
2016,Aug,1.02
2017,Aug,0.88
2018,Aug,0.78
2019,Aug,0.95
2020,Aug,0.86
2021,Aug,0.81
2022,Aug,0.95
2023,Aug,1.19
2024,Aug,1.29
2025,Aug,1.18
1880,Sep,-0.15
1881,Sep,-0.16
1882,Sep,-0.15
1883,Sep,-0.22
1884,Sep,-0.27
1885,Sep,-0.29
1886,Sep,-0.24
1887,Sep,-0.27
1888,Sep,-0.12
1889,Sep,-0.24
1890,Sep,-0.37
1891,Sep,-0.16
1892,Sep,-0.17
1893,Sep,-0.22
1894,Sep,-0.28
1895,Sep,-0.13
1896,Sep,-0.08
1897,Sep,-0.09
1898,Sep,-0.23
1899,Sep,-0.06
1900,Sep,-0.06
1901,Sep,-0.23
1902,Sep,-0.3
1903,Sep,-0.5
1904,Sep,-0.56
1905,Sep,-0.2
1906,Sep,-0.29
1907,Sep,-0.35
1908,Sep,-0.37
1909,Sep,-0.39
1910,Sep,-0.39
1911,Sep,-0.41
1912,Sep,-0.58
1913,Sep,-0.35
1914,Sep,-0.17
1915,Sep,-0.21
1916,Sep,-0.37
1917,Sep,-0.23
1918,Sep,-0.18
1919,Sep,-0.26
1920,Sep,-0.22
1921,Sep,-0.2
1922,Sep,-0.36
1923,Sep,-0.32
1924,Sep,-0.33
1925,Sep,-0.2
1926,Sep,-0.15
1927,Sep,-0.13
1928,Sep,-0.22
1929,Sep,-0.26
1930,Sep,-0.16
1931,Sep,-0.07
1932,Sep,-0.11
1933,Sep,-0.29
1934,Sep,-0.15
1935,Sep,-0.22
1936,Sep,-0.09
1937,Sep,0.09
1938,Sep,0.01
1939,Sep,-0.07
1940,Sep,0.15
1941,Sep,0.02
1942,Sep,-0.03
1943,Sep,0.05
1944,Sep,0.28
1945,Sep,0.2
1946,Sep,-0.08
1947,Sep,-0.12
1948,Sep,-0.14
1949,Sep,-0.14
1950,Sep,-0.12
1951,Sep,0.05
1952,Sep,0.07
1953,Sep,0.05
1954,Sep,-0.1
1955,Sep,-0.11
1956,Sep,-0.19
1957,Sep,0.09
1958,Sep,-0.03
1959,Sep,-0.06
1960,Sep,0.07
1961,Sep,0.08
1962,Sep,0.0
1963,Sep,0.17
1964,Sep,-0.29
1965,Sep,-0.15
1966,Sep,-0.03
1967,Sep,-0.06
1968,Sep,-0.19
1969,Sep,0.08
1970,Sep,0.12
1971,Sep,-0.05
1972,Sep,0.02
1973,Sep,0.09
1974,Sep,-0.08
1975,Sep,-0.02
1976,Sep,-0.06
1977,Sep,0.02
1978,Sep,0.06
1979,Sep,0.25
1980,Sep,0.2
1981,Sep,0.14
1982,Sep,0.14
1983,Sep,0.37
1984,Sep,0.21
1985,Sep,0.13
1986,Sep,0.03
1987,Sep,0.35
1988,Sep,0.37
1989,Sep,0.34
1990,Sep,0.23
1991,Sep,0.44
1992,Sep,-0.01
1993,Sep,0.12
1994,Sep,0.31
1995,Sep,0.33
1996,Sep,0.25
1997,Sep,0.52
1998,Sep,0.42
1999,Sep,0.39
2000,Sep,0.39
2001,Sep,0.51
2002,Sep,0.64
2003,Sep,0.62
2004,Sep,0.5
2005,Sep,0.72
2006,Sep,0.66
2007,Sep,0.61
2008,Sep,0.61
2009,Sep,0.72
2010,Sep,0.63
2011,Sep,0.56
2012,Sep,0.72
2013,Sep,0.77
2014,Sep,0.88
2015,Sep,0.84
2016,Sep,0.9
2017,Sep,0.74
2018,Sep,0.8
2019,Sep,0.93
2020,Sep,0.97
2021,Sep,0.93
2022,Sep,0.89
2023,Sep,1.48
2024,Sep,1.24
2025,Sep,1.25
1880,Oct,-0.24
1881,Oct,-0.22
1882,Oct,-0.24
1883,Oct,-0.11
1884,Oct,-0.25
1885,Oct,-0.24
1886,Oct,-0.28
1887,Oct,-0.36
1888,Oct,0.01
1889,Oct,-0.26
1890,Oct,-0.25
1891,Oct,-0.22
1892,Oct,-0.14
1893,Oct,-0.18
1894,Oct,-0.23
1895,Oct,-0.11
1896,Oct,0.05
1897,Oct,-0.14
1898,Oct,-0.35
1899,Oct,-0.05
1900,Oct,0.08
1901,Oct,-0.3
1902,Oct,-0.31
1903,Oct,-0.47
1904,Oct,-0.4
1905,Oct,-0.26
1906,Oct,-0.21
1907,Oct,-0.23
1908,Oct,-0.45
1909,Oct,-0.41
1910,Oct,-0.42
1911,Oct,-0.27
1912,Oct,-0.59
1913,Oct,-0.33
1914,Oct,-0.04
1915,Oct,-0.25
1916,Oct,-0.34
1917,Oct,-0.44
1918,Oct,-0.07
1919,Oct,-0.21
1920,Oct,-0.27
1921,Oct,-0.04
1922,Oct,-0.32
1923,Oct,-0.14
1924,Oct,-0.36
1925,Oct,-0.18
1926,Oct,-0.12
1927,Oct,-0.01
1928,Oct,-0.2
1929,Oct,-0.15
1930,Oct,-0.12
1931,Oct,0.05
1932,Oct,-0.09
1933,Oct,-0.25
1934,Oct,-0.07
1935,Oct,-0.06
1936,Oct,-0.03
1937,Oct,0.08
1938,Oct,0.14
1939,Oct,-0.04
1940,Oct,0.1
1941,Oct,0.35
1942,Oct,0.01
1943,Oct,0.23
1944,Oct,0.26
1945,Oct,0.18
1946,Oct,-0.08
1947,Oct,0.08
1948,Oct,-0.05
1949,Oct,-0.06
1950,Oct,-0.2
1951,Oct,0.08
1952,Oct,0.0
1953,Oct,0.08
1954,Oct,-0.02
1955,Oct,-0.05
1956,Oct,-0.23
1957,Oct,0.01
1958,Oct,0.04
1959,Oct,-0.07
1960,Oct,0.06
1961,Oct,0.0
1962,Oct,0.01
1963,Oct,0.14
1964,Oct,-0.31
1965,Oct,-0.05
1966,Oct,-0.17
1967,Oct,0.09
1968,Oct,0.09
1969,Oct,0.09
1970,Oct,0.03
1971,Oct,-0.04
1972,Oct,0.08
1973,Oct,0.1
1974,Oct,-0.06
1975,Oct,-0.11
1976,Oct,-0.24
1977,Oct,0.03
1978,Oct,0.03
1979,Oct,0.26
1980,Oct,0.13
1981,Oct,0.12
1982,Oct,0.13
1983,Oct,0.17
1984,Oct,0.13
1985,Oct,0.12
1986,Oct,0.15
1987,Oct,0.33
1988,Oct,0.38
1989,Oct,0.29
1990,Oct,0.45
1991,Oct,0.29
1992,Oct,0.07
1993,Oct,0.23
1994,Oct,0.43
1995,Oct,0.46
1996,Oct,0.22
1997,Oct,0.61
1998,Oct,0.42
1999,Oct,0.34
2000,Oct,0.27
2001,Oct,0.5
2002,Oct,0.54
2003,Oct,0.72
2004,Oct,0.61
2005,Oct,0.76
2006,Oct,0.71
2007,Oct,0.59
2008,Oct,0.67
2009,Oct,0.65
2010,Oct,0.71
2011,Oct,0.65
2012,Oct,0.8
2013,Oct,0.69
2014,Oct,0.8
2015,Oct,1.08
2016,Oct,0.87
2017,Oct,0.89
2018,Oct,1.02
2019,Oct,1.0
2020,Oct,0.87
2021,Oct,0.99
2022,Oct,0.97
2023,Oct,1.34
2024,Oct,1.33
2025,Oct,1.2
1880,Nov,-0.23
1881,Nov,-0.19
1882,Nov,-0.17
1883,Nov,-0.25
1884,Nov,-0.34
1885,Nov,-0.24
1886,Nov,-0.28
1887,Nov,-0.26
1888,Nov,0.02
1889,Nov,-0.34
1890,Nov,-0.44
1891,Nov,-0.32
1892,Nov,-0.42
1893,Nov,-0.19
1894,Nov,-0.27
1895,Nov,-0.18
1896,Nov,-0.05
1897,Nov,-0.19
1898,Nov,-0.4
1899,Nov,0.11
1900,Nov,-0.08
1901,Nov,-0.18
1902,Nov,-0.37
1903,Nov,-0.43
1904,Nov,-0.19
1905,Nov,-0.08
1906,Nov,-0.39
1907,Nov,-0.47
1908,Nov,-0.53
1909,Nov,-0.33
1910,Nov,-0.58
1911,Nov,-0.22
1912,Nov,-0.41
1913,Nov,-0.2
1914,Nov,-0.16
1915,Nov,-0.14
1916,Nov,-0.47
1917,Nov,-0.35
1918,Nov,-0.12
1919,Nov,-0.42
1920,Nov,-0.28
1921,Nov,-0.15
1922,Nov,-0.15
1923,Nov,-0.03
1924,Nov,-0.21
1925,Nov,0.05
1926,Nov,-0.07
1927,Nov,-0.06
1928,Nov,-0.1
1929,Nov,-0.12
1930,Nov,0.17
1931,Nov,-0.06
1932,Nov,-0.28
1933,Nov,-0.31
1934,Nov,0.03
1935,Nov,-0.26
1936,Nov,0.01
1937,Nov,0.08
1938,Nov,0.07
1939,Nov,0.07
1940,Nov,0.16
1941,Nov,0.22
1942,Nov,0.09
1943,Nov,0.19
1944,Nov,0.11
1945,Nov,0.07
1946,Nov,-0.06
1947,Nov,0.02
1948,Nov,-0.13
1949,Nov,-0.1
1950,Nov,-0.34
1951,Nov,-0.01
1952,Nov,-0.13
1953,Nov,-0.03
1954,Nov,0.08
1955,Nov,-0.25
1956,Nov,-0.15
1957,Nov,0.08
1958,Nov,0.02
1959,Nov,-0.08
1960,Nov,-0.11
1961,Nov,0.03
1962,Nov,0.06
1963,Nov,0.15
1964,Nov,-0.21
1965,Nov,-0.06
1966,Nov,-0.01
1967,Nov,-0.05
1968,Nov,-0.05
1969,Nov,0.12
1970,Nov,0.02
1971,Nov,-0.07
1972,Nov,0.02
1973,Nov,0.04
1974,Nov,-0.08
1975,Nov,-0.17
1976,Nov,-0.06
1977,Nov,0.16
1978,Nov,0.13
1979,Nov,0.28
1980,Nov,0.29
1981,Nov,0.23
1982,Nov,0.18
1983,Nov,0.3
1984,Nov,0.06
1985,Nov,0.05
1986,Nov,0.1
1987,Nov,0.29
1988,Nov,0.12
1989,Nov,0.2
1990,Nov,0.46
1991,Nov,0.3
1992,Nov,0.03
1993,Nov,0.04
1994,Nov,0.44
1995,Nov,0.45
1996,Nov,0.42
1997,Nov,0.65
1998,Nov,0.43
1999,Nov,0.37
2000,Nov,0.3
2001,Nov,0.72
2002,Nov,0.59
2003,Nov,0.53
2004,Nov,0.73
2005,Nov,0.74
2006,Nov,0.74
2007,Nov,0.59
2008,Nov,0.7
2009,Nov,0.8
2010,Nov,0.81
2011,Nov,0.59
2012,Nov,0.78
2013,Nov,0.83
2014,Nov,0.67
2015,Nov,1.06
2016,Nov,0.91
2017,Nov,0.87
2018,Nov,0.84
2019,Nov,0.99
2020,Nov,1.08
2021,Nov,0.93
2022,Nov,0.73
2023,Nov,1.41
2024,Nov,1.3
2025,Nov,1.21
1880,Dec,-0.18
1881,Dec,-0.08
1882,Dec,-0.37
1883,Dec,-0.12
1884,Dec,-0.31
1885,Dec,-0.1
1886,Dec,-0.26
1887,Dec,-0.34
1888,Dec,-0.05
1889,Dec,-0.3
1890,Dec,-0.32
1891,Dec,-0.04
1892,Dec,-0.4
1893,Dec,-0.32
1894,Dec,-0.22
1895,Dec,-0.15
1896,Dec,-0.06
1897,Dec,-0.21
1898,Dec,-0.24
1899,Dec,-0.28
1900,Dec,-0.08
1901,Dec,-0.28
1902,Dec,-0.43
1903,Dec,-0.52
1904,Dec,-0.34
1905,Dec,-0.14
1906,Dec,-0.16
1907,Dec,-0.47
1908,Dec,-0.5
1909,Dec,-0.57
1910,Dec,-0.68
1911,Dec,-0.22
1912,Dec,-0.44
1913,Dec,-0.03
1914,Dec,-0.05
1915,Dec,-0.21
1916,Dec,-0.82
1917,Dec,-0.69
1918,Dec,-0.3
1919,Dec,-0.43
1920,Dec,-0.47
1921,Dec,-0.18
1922,Dec,-0.2
1923,Dec,-0.04
1924,Dec,-0.44
1925,Dec,0.06
1926,Dec,-0.3
1927,Dec,-0.33
1928,Dec,-0.17
1929,Dec,-0.55
1930,Dec,-0.06
1931,Dec,-0.06
1932,Dec,-0.27
1933,Dec,-0.45
1934,Dec,-0.03
1935,Dec,-0.18
1936,Dec,-0.01
1937,Dec,-0.08
1938,Dec,-0.13
1939,Dec,0.42
1940,Dec,0.31
1941,Dec,0.21
1942,Dec,0.12
1943,Dec,0.23
1944,Dec,0.03
1945,Dec,-0.07
1946,Dec,-0.31
1947,Dec,-0.13
1948,Dec,-0.23
1949,Dec,-0.18
1950,Dec,-0.22
1951,Dec,0.16
1952,Dec,-0.02
1953,Dec,0.05
1954,Dec,-0.18
1955,Dec,-0.28
1956,Dec,-0.06
1957,Dec,0.15
1958,Dec,0.01
1959,Dec,0.0
1960,Dec,0.19
1961,Dec,-0.16
1962,Dec,-0.03
1963,Dec,-0.03
1964,Dec,-0.3
1965,Dec,-0.08
1966,Dec,-0.02
1967,Dec,-0.05
1968,Dec,-0.15
1969,Dec,0.24
1970,Dec,-0.12
1971,Dec,-0.08
1972,Dec,0.18
1973,Dec,-0.07
1974,Dec,-0.08
1975,Dec,-0.17
1976,Dec,0.11
1977,Dec,0.03
1978,Dec,0.08
1979,Dec,0.47
1980,Dec,0.21
1981,Dec,0.41
1982,Dec,0.42
1983,Dec,0.16
1984,Dec,-0.04
1985,Dec,0.14
1986,Dec,0.13
1987,Dec,0.46
1988,Dec,0.29
1989,Dec,0.37
1990,Dec,0.41
1991,Dec,0.32
1992,Dec,0.22
1993,Dec,0.18
1994,Dec,0.39
1995,Dec,0.26
1996,Dec,0.37
1997,Dec,0.59
1998,Dec,0.55
1999,Dec,0.41
2000,Dec,0.28
2001,Dec,0.56
2002,Dec,0.44
2003,Dec,0.75
2004,Dec,0.51
2005,Dec,0.68
2006,Dec,0.79
2007,Dec,0.5
2008,Dec,0.54
2009,Dec,0.67
2010,Dec,0.45
2011,Dec,0.6
2012,Dec,0.53
2013,Dec,0.7
2014,Dec,0.79
2015,Dec,1.17
2016,Dec,0.86
2017,Dec,0.93
2018,Dec,0.93
2019,Dec,1.12
2020,Dec,0.8
2021,Dec,0.88
2022,Dec,0.8
2023,Dec,1.37
2024,Dec,1.26
2025,Dec,1.06
1880,J-D,-0.18
1881,J-D,-0.1
1882,J-D,-0.12
1883,J-D,-0.18
1884,J-D,-0.29
1885,J-D,-0.34
1886,J-D,-0.32
1887,J-D,-0.37
1888,J-D,-0.18
1889,J-D,-0.11
1890,J-D,-0.36
1891,J-D,-0.23
1892,J-D,-0.28
1893,J-D,-0.32
1894,J-D,-0.31
1895,J-D,-0.24
1896,J-D,-0.12
1897,J-D,-0.12
1898,J-D,-0.29
1899,J-D,-0.19
1900,J-D,-0.09
1901,J-D,-0.17
1902,J-D,-0.29
1903,J-D,-0.38
1904,J-D,-0.48
1905,J-D,-0.27
1906,J-D,-0.23
1907,J-D,-0.4
1908,J-D,-0.44
1909,J-D,-0.5
1910,J-D,-0.45
1911,J-D,-0.45
1912,J-D,-0.38
1913,J-D,-0.35
1914,J-D,-0.16
1915,J-D,-0.15
1916,J-D,-0.37
1917,J-D,-0.47
1918,J-D,-0.3
1919,J-D,-0.28
1920,J-D,-0.28
1921,J-D,-0.2
1922,J-D,-0.29
1923,J-D,-0.27
1924,J-D,-0.28
1925,J-D,-0.23
1926,J-D,-0.11
1927,J-D,-0.22
1928,J-D,-0.21
1929,J-D,-0.37
1930,J-D,-0.16
1931,J-D,-0.1
1932,J-D,-0.17
1933,J-D,-0.29
1934,J-D,-0.13
1935,J-D,-0.2
1936,J-D,-0.15
1937,J-D,-0.03
1938,J-D,0.0
1939,J-D,-0.02
1940,J-D,0.12
1941,J-D,0.18
1942,J-D,0.06
1943,J-D,0.08
1944,J-D,0.2
1945,J-D,0.09
1946,J-D,-0.07
1947,J-D,-0.03
1948,J-D,-0.11
1949,J-D,-0.11
1950,J-D,-0.18
1951,J-D,-0.07
1952,J-D,0.01
1953,J-D,0.08
1954,J-D,-0.13
1955,J-D,-0.14
1956,J-D,-0.19
1957,J-D,0.05
1958,J-D,0.06
1959,J-D,0.03
1960,J-D,-0.02
1961,J-D,0.06
1962,J-D,0.03
1963,J-D,0.05
1964,J-D,-0.2
1965,J-D,-0.11
1966,J-D,-0.06
1967,J-D,-0.02
1968,J-D,-0.08
1969,J-D,0.05
1970,J-D,0.03
1971,J-D,-0.08
1972,J-D,0.01
1973,J-D,0.16
1974,J-D,-0.07
1975,J-D,-0.01
1976,J-D,-0.1
1977,J-D,0.18
1978,J-D,0.07
1979,J-D,0.16
1980,J-D,0.26
1981,J-D,0.32
1982,J-D,0.14
1983,J-D,0.31
1984,J-D,0.16
1985,J-D,0.12
1986,J-D,0.18
1987,J-D,0.32
1988,J-D,0.39
1989,J-D,0.27
1990,J-D,0.45
1991,J-D,0.41
1992,J-D,0.22
1993,J-D,0.23
1994,J-D,0.32
1995,J-D,0.45
1996,J-D,0.33
1997,J-D,0.47
1998,J-D,0.61
1999,J-D,0.38
2000,J-D,0.39
2001,J-D,0.53
2002,J-D,0.63
2003,J-D,0.62
2004,J-D,0.53
2005,J-D,0.68
2006,J-D,0.64
2007,J-D,0.67
2008,J-D,0.54
2009,J-D,0.66
2010,J-D,0.73
2011,J-D,0.61
2012,J-D,0.65
2013,J-D,0.68
2014,J-D,0.75
2015,J-D,0.9
2016,J-D,1.01
2017,J-D,0.92
2018,J-D,0.85
2019,J-D,0.98
2020,J-D,1.01
2021,J-D,0.85
2022,J-D,0.9
2023,J-D,1.17
2024,J-D,1.28
2025,J-D,1.19
1880,D-N,
1881,D-N,-0.1
1882,D-N,-0.09
1883,D-N,-0.2
1884,D-N,-0.27
1885,D-N,-0.36
1886,D-N,-0.31
1887,D-N,-0.36
1888,D-N,-0.2
1889,D-N,-0.09
1890,D-N,-0.36
1891,D-N,-0.25
1892,D-N,-0.25
1893,D-N,-0.32
1894,D-N,-0.32
1895,D-N,-0.24
1896,D-N,-0.13
1897,D-N,-0.11
1898,D-N,-0.28
1899,D-N,-0.18
1900,D-N,-0.11
1901,D-N,-0.15
1902,D-N,-0.28
1903,D-N,-0.37
1904,D-N,-0.5
1905,D-N,-0.29
1906,D-N,-0.23
1907,D-N,-0.37
1908,D-N,-0.44
1909,D-N,-0.49
1910,D-N,-0.44
1911,D-N,-0.49
1912,D-N,-0.36
1913,D-N,-0.39
1914,D-N,-0.16
1915,D-N,-0.13
1916,D-N,-0.32
1917,D-N,-0.48
1918,D-N,-0.34
1919,D-N,-0.27
1920,D-N,-0.28
1921,D-N,-0.22
1922,D-N,-0.29
1923,D-N,-0.29
1924,D-N,-0.24
1925,D-N,-0.27
1926,D-N,-0.08
1927,D-N,-0.22
1928,D-N,-0.22
1929,D-N,-0.33
1930,D-N,-0.2
1931,D-N,-0.1
1932,D-N,-0.15
1933,D-N,-0.28
1934,D-N,-0.16
1935,D-N,-0.19
1936,D-N,-0.17
1937,D-N,-0.03
1938,D-N,0.0
1939,D-N,-0.07
1940,D-N,0.13
1941,D-N,0.19
1942,D-N,0.07
1943,D-N,0.08
1944,D-N,0.22
1945,D-N,0.1
1946,D-N,-0.05
1947,D-N,-0.04
1948,D-N,-0.1
1949,D-N,-0.12
1950,D-N,-0.17
1951,D-N,-0.1
1952,D-N,0.03
1953,D-N,0.08
1954,D-N,-0.11
1955,D-N,-0.13
1956,D-N,-0.21
1957,D-N,0.03
1958,D-N,0.07
1959,D-N,0.03
1960,D-N,-0.04
1961,D-N,0.09
1962,D-N,0.02
1963,D-N,0.05
1964,D-N,-0.18
1965,D-N,-0.13
1966,D-N,-0.06
1967,D-N,-0.02
1968,D-N,-0.08
1969,D-N,0.02
1970,D-N,0.06
1971,D-N,-0.08
1972,D-N,-0.01
1973,D-N,0.18
1974,D-N,-0.07
1975,D-N,-0.01
1976,D-N,-0.12
1977,D-N,0.18
1978,D-N,0.06
1979,D-N,0.13
1980,D-N,0.28
1981,D-N,0.3
1982,D-N,0.14
1983,D-N,0.33
1984,D-N,0.17
1985,D-N,0.1
1986,D-N,0.18
1987,D-N,0.29
1988,D-N,0.4
1989,D-N,0.27
1990,D-N,0.45
1991,D-N,0.41
1992,D-N,0.23
1993,D-N,0.24
1994,D-N,0.3
1995,D-N,0.46
1996,D-N,0.32
1997,D-N,0.45
1998,D-N,0.61
1999,D-N,0.39
2000,D-N,0.4
2001,D-N,0.51
2002,D-N,0.64
2003,D-N,0.59
2004,D-N,0.55
2005,D-N,0.67
2006,D-N,0.63
2007,D-N,0.69
2008,D-N,0.54
2009,D-N,0.65
2010,D-N,0.74
2011,D-N,0.6
2012,D-N,0.65
2013,D-N,0.66
2014,D-N,0.74
2015,D-N,0.87
2016,D-N,1.04
2017,D-N,0.91
2018,D-N,0.85
2019,D-N,0.97
2020,D-N,1.04
2021,D-N,0.84
2022,D-N,0.9
2023,D-N,1.13
2024,D-N,1.29
2025,D-N,1.21
1880,DJF,
1881,DJF,-0.18
1882,DJF,0.07
1883,DJF,-0.35
1884,DJF,-0.11
1885,DJF,-0.42
1886,DJF,-0.35
1887,DJF,-0.52
1888,DJF,-0.35
1889,DJF,0.0
1890,DJF,-0.4
1891,DJF,-0.38
1892,DJF,-0.15
1893,DJF,-0.59
1894,DJF,-0.38
1895,DJF,-0.36
1896,DJF,-0.17
1897,DJF,-0.13
1898,DJF,-0.19
1899,DJF,-0.27
1900,DJF,-0.24
1901,DJF,-0.14
1902,DJF,-0.18
1903,DJF,-0.25
1904,DJF,-0.59
1905,DJF,-0.44
1906,DJF,-0.24
1907,DJF,-0.37
1908,DJF,-0.42
1909,DJF,-0.57
1910,DJF,-0.48
1911,DJF,-0.63
1912,DJF,-0.22
1913,DJF,-0.44
1914,DJF,-0.03
1915,DJF,-0.1
1916,DJF,-0.17
1917,DJF,-0.68
1918,DJF,-0.51
1919,DJF,-0.25
1920,DJF,-0.32
1921,DJF,-0.24
1922,DJF,-0.33
1923,DJF,-0.29
1924,DJF,-0.17
1925,DJF,-0.41
1926,DJF,0.09
1927,DJF,-0.25
1928,DJF,-0.15
1929,DJF,-0.4
1930,DJF,-0.38
1931,DJF,-0.13
1932,DJF,-0.03
1933,DJF,-0.27
1934,DJF,-0.23
1935,DJF,-0.08
1936,DJF,-0.28
1937,DJF,-0.02
1938,DJF,0.01
1939,DJF,-0.08
1940,DJF,0.16
1941,DJF,0.26
1942,DJF,0.17
1943,DJF,0.09
1944,DJF,0.27
1945,DJF,0.05
1946,DJF,0.03
1947,DJF,-0.15
1948,DJF,-0.07
1949,DJF,-0.1
1950,DJF,-0.24
1951,DJF,-0.32
1952,DJF,0.13
1953,DJF,0.07
1954,DJF,-0.1
1955,DJF,-0.07
1956,DJF,-0.22
1957,DJF,-0.06
1958,DJF,0.25
1959,DJF,0.05
1960,DJF,0.04
1961,DJF,0.15
1962,DJF,0.01
1963,DJF,0.04
1964,DJF,-0.07
1965,DJF,-0.18
1966,DJF,-0.1
1967,DJF,-0.1
1968,DJF,-0.15
1969,DJF,-0.14
1970,DJF,0.18
1971,DJF,-0.1
1972,DJF,-0.16
1973,DJF,0.26
1974,DJF,-0.14
1975,DJF,0.03
1976,DJF,-0.09
1977,DJF,0.17
1978,DJF,0.06
1979,DJF,0.02
1980,DJF,0.39
1981,DJF,0.39
1982,DJF,0.2
1983,DJF,0.46
1984,DJF,0.2
1985,DJF,0.05
1986,DJF,0.26
1987,DJF,0.29
1988,DJF,0.49
1989,DJF,0.24
1990,DJF,0.41
1991,DJF,0.44
1992,DJF,0.4
1993,DJF,0.31
1994,DJF,0.15
1995,DJF,0.57
1996,DJF,0.32
1997,DJF,0.37
1998,DJF,0.68
1999,DJF,0.56
2000,DJF,0.4
2001,DJF,0.39
2002,DJF,0.7
2003,DJF,0.59
2004,DJF,0.68
2005,DJF,0.62
2006,DJF,0.66
2007,DJF,0.84
2008,DJF,0.39
2009,DJF,0.57
2010,DJF,0.75
2011,DJF,0.48
2012,DJF,0.52
2013,DJF,0.62
2014,DJF,0.67
2015,DJF,0.86
2016,DJF,1.24
2017,DJF,1.01
2018,DJF,0.87
2019,DJF,0.94
2020,DJF,1.18
2021,DJF,0.75
2022,DJF,0.89
2023,DJF,0.88
2024,DJF,1.36
2025,DJF,1.3
1880,MAM,-0.13
1881,MAM,0.04
1882,MAM,-0.1
1883,MAM,-0.17
1884,MAM,-0.37
1885,MAM,-0.39
1886,MAM,-0.32
1887,MAM,-0.34
1888,MAM,-0.29
1889,MAM,0.04
1890,MAM,-0.37
1891,MAM,-0.21
1892,MAM,-0.32
1893,MAM,-0.28
1894,MAM,-0.34
1895,MAM,-0.28
1896,MAM,-0.25
1897,MAM,-0.07
1898,MAM,-0.38
1899,MAM,-0.27
1900,MAM,-0.07
1901,MAM,-0.05
1902,MAM,-0.3
1903,MAM,-0.36
1904,MAM,-0.52
1905,MAM,-0.29
1906,MAM,-0.18
1907,MAM,-0.38
1908,MAM,-0.47
1909,MAM,-0.57
1910,MAM,-0.44
1911,MAM,-0.57
1912,MAM,-0.27
1913,MAM,-0.43
1914,MAM,-0.26
1915,MAM,-0.04
1916,MAM,-0.32
1917,MAM,-0.59
1918,MAM,-0.38
1919,MAM,-0.21
1920,MAM,-0.22
1921,MAM,-0.28
1922,MAM,-0.24
1923,MAM,-0.37
1924,MAM,-0.2
1925,MAM,-0.28
1926,MAM,-0.09
1927,MAM,-0.32
1928,MAM,-0.28
1929,MAM,-0.38
1930,MAM,-0.2
1931,MAM,-0.18
1932,MAM,-0.14
1933,MAM,-0.28
1934,MAM,-0.23
1935,MAM,-0.27
1936,MAM,-0.19
1937,MAM,-0.14
1938,MAM,0.02
1939,MAM,-0.11
1940,MAM,0.12
1941,MAM,0.14
1942,MAM,0.08
1943,MAM,0.04
1944,MAM,0.21
1945,MAM,0.1
1946,MAM,0.0
1947,MAM,0.04
1948,MAM,-0.12
1949,MAM,-0.08
1950,MAM,-0.13
1951,MAM,-0.12
1952,MAM,-0.02
1953,MAM,0.14
1954,MAM,-0.16
1955,MAM,-0.25
1956,MAM,-0.26
1957,MAM,0.02
1958,MAM,0.05
1959,MAM,0.13
1960,MAM,-0.19
1961,MAM,0.12
1962,MAM,0.03
1963,MAM,-0.09
1964,MAM,-0.26
1965,MAM,-0.15
1966,MAM,-0.07
1967,MAM,0.04
1968,MAM,0.0
1969,MAM,0.12
1970,MAM,0.03
1971,MAM,-0.1
1972,MAM,0.0
1973,MAM,0.26
1974,MAM,-0.07
1975,MAM,0.11
1976,MAM,-0.16
1977,MAM,0.28
1978,MAM,0.15
1979,MAM,0.13
1980,MAM,0.31
1981,MAM,0.35
1982,MAM,0.12
1983,MAM,0.34
1984,MAM,0.21
1985,MAM,0.15
1986,MAM,0.24
1987,MAM,0.23
1988,MAM,0.46
1989,MAM,0.28
1990,MAM,0.61
1991,MAM,0.4
1992,MAM,0.36
1993,MAM,0.31
1994,MAM,0.33
1995,MAM,0.4
1996,MAM,0.31
1997,MAM,0.4
1998,MAM,0.65
1999,MAM,0.3
2000,MAM,0.49
2001,MAM,0.54
2002,MAM,0.7
2003,MAM,0.59
2004,MAM,0.54
2005,MAM,0.68
2006,MAM,0.53
2007,MAM,0.73
2008,MAM,0.6
2009,MAM,0.6
2010,MAM,0.84
2011,MAM,0.61
2012,MAM,0.69
2013,MAM,0.6
2014,MAM,0.82
2015,MAM,0.84
2016,MAM,1.13
2017,MAM,1.01
2018,MAM,0.86
2019,MAM,1.02
2020,MAM,1.1
2021,MAM,0.81
2022,MAM,0.91
2023,MAM,1.06
2024,MAM,1.28
2025,MAM,1.23
1880,JJA,-0.17
1881,JJA,-0.08
1882,JJA,-0.16
1883,JJA,-0.1
1884,JJA,-0.31
1885,JJA,-0.37
1886,JJA,-0.28
1887,JJA,-0.29
1888,JJA,-0.15
1889,JJA,-0.13
1890,JJA,-0.31
1891,JJA,-0.19
1892,JJA,-0.27
1893,JJA,-0.22
1894,JJA,-0.3
1895,JJA,-0.19
1896,JJA,-0.07
1897,JJA,-0.09
1898,JJA,-0.24
1899,JJA,-0.19
1900,JJA,-0.12
1901,JJA,-0.17
1902,JJA,-0.31
1903,JJA,-0.42
1904,JJA,-0.5
1905,JJA,-0.26
1906,JJA,-0.21
1907,JJA,-0.38
1908,JJA,-0.41
1909,JJA,-0.44
1910,JJA,-0.37
1911,JJA,-0.46
1912,JJA,-0.41
1913,JJA,-0.39
1914,JJA,-0.22
1915,JJA,-0.19
1916,JJA,-0.39
1917,JJA,-0.31
1918,JJA,-0.34
1919,JJA,-0.34
1920,JJA,-0.31
1921,JJA,-0.23
1922,JJA,-0.31
1923,JJA,-0.32
1924,JJA,-0.31
1925,JJA,-0.27
1926,JJA,-0.23
1927,JJA,-0.24
1928,JJA,-0.27
1929,JJA,-0.38
1930,JJA,-0.2
1931,JJA,-0.06
1932,JJA,-0.25
1933,JJA,-0.27
1934,JJA,-0.13
1935,JJA,-0.24
1936,JJA,-0.15
1937,JJA,-0.03
1938,JJA,-0.11
1939,JJA,-0.06
1940,JJA,0.1
1941,JJA,0.16
1942,JJA,0.0
1943,JJA,0.01
1944,JJA,0.17
1945,JJA,0.1
1946,JJA,-0.18
1947,JJA,-0.04
1948,JJA,-0.09
1949,JJA,-0.18
1950,JJA,-0.1
1951,JJA,-0.01
1952,JJA,0.02
1953,JJA,0.06
1954,JJA,-0.18
1955,JJA,-0.07
1956,JJA,-0.16
1957,JJA,0.11
1958,JJA,-0.03
1959,JJA,0.02
1960,JJA,-0.02
1961,JJA,0.04
1962,JJA,0.01
1963,JJA,0.11
1964,JJA,-0.1
1965,JJA,-0.09
1966,JJA,0.0
1967,JJA,-0.02
1968,JJA,-0.1
1969,JJA,0.01
1970,JJA,-0.04
1971,JJA,-0.08
1972,JJA,0.07
1973,JJA,0.12
1974,JJA,0.01
1975,JJA,-0.06
1976,JJA,-0.11
1977,JJA,0.22
1978,JJA,-0.04
1979,JJA,0.11
1980,JJA,0.2
1981,JJA,0.32
1982,JJA,0.08
1983,JJA,0.25
1984,JJA,0.14
1985,JJA,0.12
1986,JJA,0.13
1987,JJA,0.33
1988,JJA,0.37
1989,JJA,0.28
1990,JJA,0.39
1991,JJA,0.47
1992,JJA,0.14
1993,JJA,0.2
1994,JJA,0.32
1995,JJA,0.44
1996,JJA,0.37
1997,JJA,0.43
1998,JJA,0.69
1999,JJA,0.35
2000,JJA,0.4
2001,JJA,0.53
2002,JJA,0.56
2003,JJA,0.57
2004,JJA,0.39
2005,JJA,0.62
2006,JJA,0.64
2007,JJA,0.6
2008,JJA,0.52
2009,JJA,0.69
2010,JJA,0.66
2011,JJA,0.69
2012,JJA,0.63
2013,JJA,0.67
2014,JJA,0.7
2015,JJA,0.78
2016,JJA,0.89
2017,JJA,0.8
2018,JJA,0.79
2019,JJA,0.93
2020,JJA,0.89
2021,JJA,0.86
2022,JJA,0.94
2023,JJA,1.16
2024,JJA,1.23
2025,JJA,1.09
1880,SON,-0.21
1881,SON,-0.19
1882,SON,-0.19
1883,SON,-0.19
1884,SON,-0.29
1885,SON,-0.26
1886,SON,-0.27
1887,SON,-0.3
1888,SON,-0.03
1889,SON,-0.28
1890,SON,-0.35
1891,SON,-0.23
1892,SON,-0.24
1893,SON,-0.2
1894,SON,-0.26
1895,SON,-0.14
1896,SON,-0.03
1897,SON,-0.14
1898,SON,-0.32
1899,SON,0.0
1900,SON,-0.02
1901,SON,-0.24
1902,SON,-0.33
1903,SON,-0.47
1904,SON,-0.38
1905,SON,-0.18
1906,SON,-0.29
1907,SON,-0.35
1908,SON,-0.45
1909,SON,-0.38
1910,SON,-0.46
1911,SON,-0.3
1912,SON,-0.53
1913,SON,-0.29
1914,SON,-0.12
1915,SON,-0.2
1916,SON,-0.39
1917,SON,-0.34
1918,SON,-0.12
1919,SON,-0.29
1920,SON,-0.26
1921,SON,-0.13
1922,SON,-0.28
1923,SON,-0.16
1924,SON,-0.3
1925,SON,-0.11
1926,SON,-0.11
1927,SON,-0.07
1928,SON,-0.17
1929,SON,-0.18
1930,SON,-0.04
1931,SON,-0.03
1932,SON,-0.16
1933,SON,-0.28
1934,SON,-0.06
1935,SON,-0.18
1936,SON,-0.04
1937,SON,0.08
1938,SON,0.07
1939,SON,-0.02
1940,SON,0.13
1941,SON,0.19
1942,SON,0.02
1943,SON,0.16
1944,SON,0.22
1945,SON,0.15
1946,SON,-0.07
1947,SON,-0.01
1948,SON,-0.11
1949,SON,-0.1
1950,SON,-0.22
1951,SON,0.04
1952,SON,-0.02
1953,SON,0.03
1954,SON,-0.01
1955,SON,-0.14
1956,SON,-0.19
1957,SON,0.06
1958,SON,0.01
1959,SON,-0.07
1960,SON,0.01
1961,SON,0.04
1962,SON,0.02
1963,SON,0.16
1964,SON,-0.27
1965,SON,-0.09
1966,SON,-0.07
1967,SON,-0.01
1968,SON,-0.05
1969,SON,0.1
1970,SON,0.06
1971,SON,-0.06
1972,SON,0.04
1973,SON,0.08
1974,SON,-0.07
1975,SON,-0.1
1976,SON,-0.12
1977,SON,0.07
1978,SON,0.07
1979,SON,0.26
1980,SON,0.21
1981,SON,0.16
1982,SON,0.15
1983,SON,0.28
1984,SON,0.14
1985,SON,0.1
1986,SON,0.09
1987,SON,0.32
1988,SON,0.29
1989,SON,0.28
1990,SON,0.38
1991,SON,0.34
1992,SON,0.03
1993,SON,0.13
1994,SON,0.39
1995,SON,0.41
1996,SON,0.3
1997,SON,0.59
1998,SON,0.42
1999,SON,0.37
2000,SON,0.32
2001,SON,0.58
2002,SON,0.59
2003,SON,0.62
2004,SON,0.61
2005,SON,0.74
2006,SON,0.7
2007,SON,0.6
2008,SON,0.66
2009,SON,0.72
2010,SON,0.72
2011,SON,0.6
2012,SON,0.77
2013,SON,0.77
2014,SON,0.79
2015,SON,0.99
2016,SON,0.9
2017,SON,0.83
2018,SON,0.89
2019,SON,0.97
2020,SON,0.97
2021,SON,0.95
2022,SON,0.87
2023,SON,1.41
2024,SON,1.29
2025,SON,1.22
